"portal","geo","month","NormalizedSI","pctTot"
"Portal - Boat Trader Online","Europe - Geographical Area",1,0.817651779348688,0.0681376482790573
"Portal - Boat Trader Online","Europe - Geographical Area",2,0.846907702879532,0.0705756419066277
"Portal - Boat Trader Online","Europe - Geographical Area",3,0.931816630861038,0.0776513859050865
"Portal - Boat Trader Online","Europe - Geographical Area",4,0.910756273220804,0.0758963561017337
"Portal - Boat Trader Online","Europe - Geographical Area",5,1.09710201653413,0.0914251680445107
"Portal - Boat Trader Online","Europe - Geographical Area",6,1.11485419183632,0.0929045159863597
"Portal - Boat Trader Online","Europe - Geographical Area",7,1.28272002485478,0.106893335404565
"Portal - Boat Trader Online","Europe - Geographical Area",8,1.5363771848839,0.128031432073658
"Portal - Boat Trader Online","Europe - Geographical Area",9,1.19449803040776,0.0995415025339803
"Portal - Boat Trader Online","Europe - Geographical Area",10,0.854263198845718,0.0711885999038098
"Portal - Boat Trader Online","Europe - Geographical Area",11,0.73202000050198,0.0610016667084983
"Portal - Boat Trader Online","Europe - Geographical Area",12,0.681032965825353,0.0567527471521128
"Portal - Boat Trader Online","UK - Geographical Area",1,0.878810803498494,0.0732342336248745
"Portal - Boat Trader Online","UK - Geographical Area",2,0.803288292741302,0.0669406910617752
"Portal - Boat Trader Online","UK - Geographical Area",3,0.89725437962091,0.0747711983017425
"Portal - Boat Trader Online","UK - Geographical Area",4,0.964010884665213,0.0803342403887678
"Portal - Boat Trader Online","UK - Geographical Area",5,1.23992778243157,0.103327315202631
"Portal - Boat Trader Online","UK - Geographical Area",6,1.26527677331072,0.105439731109226
"Portal - Boat Trader Online","UK - Geographical Area",7,1.19119028913042,0.0992658574275353
"Portal - Boat Trader Online","UK - Geographical Area",8,1.38532235154555,0.115443529295462
"Portal - Boat Trader Online","UK - Geographical Area",9,1.16846985124638,0.0973724876038648
"Portal - Boat Trader Online","UK - Geographical Area",10,0.850315041337794,0.0708595867781495
"Portal - Boat Trader Online","UK - Geographical Area",11,0.76164352201127,0.0634702935009391
"Portal - Boat Trader Online","UK - Geographical Area",12,0.594490028460382,0.0495408357050318
"Portal - Boat Trader Online","RussiaScandinavia - Geographical Area",1,0.785439701583787,0.0654533084653156
"Portal - Boat Trader Online","RussiaScandinavia - Geographical Area",2,0.871415554044979,0.0726179628370816
"Portal - Boat Trader Online","RussiaScandinavia - Geographical Area",3,0.945425767388957,0.0787854806157465
"Portal - Boat Trader Online","RussiaScandinavia - Geographical Area",4,0.94096495468172,0.0784137462234767
"Portal - Boat Trader Online","RussiaScandinavia - Geographical Area",5,1.18047412500679,0.0983728437505662
"Portal - Boat Trader Online","RussiaScandinavia - Geographical Area",6,1.21954130547741,0.101628442123118
"Portal - Boat Trader Online","RussiaScandinavia - Geographical Area",7,1.41994121219312,0.118328434349427
"Portal - Boat Trader Online","RussiaScandinavia - Geographical Area",8,1.38508234559726,0.115423528799771
"Portal - Boat Trader Online","RussiaScandinavia - Geographical Area",9,0.958380360266737,0.0798650300222281
"Portal - Boat Trader Online","RussiaScandinavia - Geographical Area",10,0.857906866507023,0.0714922388755853
"Portal - Boat Trader Online","RussiaScandinavia - Geographical Area",11,0.753849292097313,0.0628207743414427
"Portal - Boat Trader Online","RussiaScandinavia - Geographical Area",12,0.681578515154898,0.0567982095962415
"Portal - Boat Trader Online","CA_WEST - Geographical Area",1,0.72196136789401,0.0601634473245008
"Portal - Boat Trader Online","CA_WEST - Geographical Area",2,0.795593585959532,0.0662994654966277
"Portal - Boat Trader Online","CA_WEST - Geographical Area",3,0.944453667952935,0.0787044723294112
"Portal - Boat Trader Online","CA_WEST - Geographical Area",4,0.975710090902425,0.0813091742418688
"Portal - Boat Trader Online","CA_WEST - Geographical Area",5,1.12826751230832,0.0940222926923599
"Portal - Boat Trader Online","CA_WEST - Geographical Area",6,1.25725040584493,0.104770867153744
"Portal - Boat Trader Online","CA_WEST - Geographical Area",7,1.59698164589351,0.133081803824459
"Portal - Boat Trader Online","CA_WEST - Geographical Area",8,1.6973660065885,0.141447167215708
"Portal - Boat Trader Online","CA_WEST - Geographical Area",9,1.05818674603359,0.0881822288361321
"Portal - Boat Trader Online","CA_WEST - Geographical Area",10,0.725298547240426,0.0604415456033688
"Portal - Boat Trader Online","CA_WEST - Geographical Area",11,0.594405437657166,0.0495337864714305
"Portal - Boat Trader Online","CA_WEST - Geographical Area",12,0.504524985724668,0.042043748810389
"Portal - Boat Trader Online","CA_EAST - Geographical Area",1,0.701976820741877,0.0584980683951564
"Portal - Boat Trader Online","CA_EAST - Geographical Area",2,0.768850086820199,0.0640708405683499
"Portal - Boat Trader Online","CA_EAST - Geographical Area",3,0.874165595371393,0.0728471329476161
"Portal - Boat Trader Online","CA_EAST - Geographical Area",4,0.962546091519859,0.0802121742933216
"Portal - Boat Trader Online","CA_EAST - Geographical Area",5,1.12395899232268,0.0936632493602234
"Portal - Boat Trader Online","CA_EAST - Geographical Area",6,1.29726594389606,0.108105495324672
"Portal - Boat Trader Online","CA_EAST - Geographical Area",7,1.52485685087417,0.127071404239514
"Portal - Boat Trader Online","CA_EAST - Geographical Area",8,1.68866060776539,0.140721717313783
"Portal - Boat Trader Online","CA_EAST - Geographical Area",9,1.18621814183171,0.0988515118193092
"Portal - Boat Trader Online","CA_EAST - Geographical Area",10,0.750917356816504,0.0625764464013753
"Portal - Boat Trader Online","CA_EAST - Geographical Area",11,0.572158310636276,0.0476798592196897
"Portal - Boat Trader Online","CA_EAST - Geographical Area",12,0.548425201403875,0.0457021001169896
"Portal - Boat Trader Online","US_Southwest  - Geographical Area",1,0.714696503744416,0.0595580419787013
"Portal - Boat Trader Online","US_Southwest  - Geographical Area",2,0.820686663080361,0.0683905552566968
"Portal - Boat Trader Online","US_Southwest  - Geographical Area",3,0.958489310987914,0.0798741092489929
"Portal - Boat Trader Online","US_Southwest  - Geographical Area",4,1.08300077878955,0.0902500648991292
"Portal - Boat Trader Online","US_Southwest  - Geographical Area",5,1.30182904470155,0.108485753725129
"Portal - Boat Trader Online","US_Southwest  - Geographical Area",6,1.51136203581832,0.125946836318193
"Portal - Boat Trader Online","US_Southwest  - Geographical Area",7,1.49274084703014,0.124395070585845
"Portal - Boat Trader Online","US_Southwest  - Geographical Area",8,1.30550055534267,0.108791712945223
"Portal - Boat Trader Online","US_Southwest  - Geographical Area",9,0.998989310382055,0.0832491091985045
"Portal - Boat Trader Online","US_Southwest  - Geographical Area",10,0.726574818699327,0.0605479015582773
"Portal - Boat Trader Online","US_Southwest  - Geographical Area",11,0.574312200499679,0.0478593500416399
"Portal - Boat Trader Online","US_Southwest  - Geographical Area",12,0.511817930924015,0.0426514942436679
"Portal - Boat Trader Online","US_Southeast - Geographical Area",1,0.77625120386307,0.0646876003219225
"Portal - Boat Trader Online","US_Southeast - Geographical Area",2,0.891813760759322,0.0743178133966101
"Portal - Boat Trader Online","US_Southeast - Geographical Area",3,1.07090304634219,0.0892419205285158
"Portal - Boat Trader Online","US_Southeast - Geographical Area",4,1.14116977829163,0.0950974815243023
"Portal - Boat Trader Online","US_Southeast - Geographical Area",5,1.49561788656396,0.12463482388033
"Portal - Boat Trader Online","US_Southeast - Geographical Area",6,1.60803734769857,0.134003112308214
"Portal - Boat Trader Online","US_Southeast - Geographical Area",7,1.45008675914357,0.120840563261964
"Portal - Boat Trader Online","US_Southeast - Geographical Area",8,1.11679819123324,0.0930665159361037
"Portal - Boat Trader Online","US_Southeast - Geographical Area",9,0.828340671553457,0.0690283892961214
"Portal - Boat Trader Online","US_Southeast - Geographical Area",10,0.568614058058366,0.0473845048381972
"Portal - Boat Trader Online","US_Southeast - Geographical Area",11,0.516011409700379,0.0430009508083649
"Portal - Boat Trader Online","US_Southeast - Geographical Area",12,0.536355886792246,0.0446963238993538
"Portal - Boat Trader Online","US_NorthWest  - Geographical Area",1,0.780779398130868,0.065064949844239
"Portal - Boat Trader Online","US_NorthWest  - Geographical Area",2,0.942876339004622,0.0785730282503852
"Portal - Boat Trader Online","US_NorthWest  - Geographical Area",3,0.947285893115291,0.0789404910929409
"Portal - Boat Trader Online","US_NorthWest  - Geographical Area",4,1.07425102195086,0.0895209184959048
"Portal - Boat Trader Online","US_NorthWest  - Geographical Area",5,1.26181320690012,0.10515110057501
"Portal - Boat Trader Online","US_NorthWest  - Geographical Area",6,1.37207785191984,0.11433982099332
"Portal - Boat Trader Online","US_NorthWest  - Geographical Area",7,1.53744534258886,0.128120445215739
"Portal - Boat Trader Online","US_NorthWest  - Geographical Area",8,1.44629367819213,0.120524473182678
"Portal - Boat Trader Online","US_NorthWest  - Geographical Area",9,0.942292789280555,0.078524399106713
"Portal - Boat Trader Online","US_NorthWest  - Geographical Area",10,0.656932368452313,0.0547443640376928
"Portal - Boat Trader Online","US_NorthWest  - Geographical Area",11,0.52260723599355,0.0435506029994625
"Portal - Boat Trader Online","US_NorthWest  - Geographical Area",12,0.515344874470985,0.0429454062059154
"Portal - Boat Trader Online","US_Midwest - Geographical Area",1,0.752460247550787,0.0627050206292322
"Portal - Boat Trader Online","US_Midwest - Geographical Area",2,0.904660138238248,0.0753883448531874
"Portal - Boat Trader Online","US_Midwest - Geographical Area",3,1.0164417020215,0.0847034751684582
"Portal - Boat Trader Online","US_Midwest - Geographical Area",4,1.07079638986636,0.089233032488863
"Portal - Boat Trader Online","US_Midwest - Geographical Area",5,1.28673724153118,0.107228103460931
"Portal - Boat Trader Online","US_Midwest - Geographical Area",6,1.65879827313243,0.138233189427702
"Portal - Boat Trader Online","US_Midwest - Geographical Area",7,1.60739620913775,0.133949684094813
"Portal - Boat Trader Online","US_Midwest - Geographical Area",8,1.32367520765933,0.110306267304944
"Portal - Boat Trader Online","US_Midwest - Geographical Area",9,0.937158792571245,0.0780965660476037
"Portal - Boat Trader Online","US_Midwest - Geographical Area",10,0.544825085937108,0.045402090494759
"Portal - Boat Trader Online","US_Midwest - Geographical Area",11,0.429742101564114,0.0358118417970095
"Portal - Boat Trader Online","US_Midwest - Geographical Area",12,0.467308610789962,0.0389423842324968
"Portal - Boat Trader Online","US_GulfCoast - Geographical Area",1,0.720580674137334,0.0600483895114445
"Portal - Boat Trader Online","US_GulfCoast - Geographical Area",2,0.898790534858454,0.0748992112382045
"Portal - Boat Trader Online","US_GulfCoast - Geographical Area",3,1.04587367305833,0.0871561394215277
"Portal - Boat Trader Online","US_GulfCoast - Geographical Area",4,1.16950869694098,0.0974590580784154
"Portal - Boat Trader Online","US_GulfCoast - Geographical Area",5,1.48107063388935,0.123422552824113
"Portal - Boat Trader Online","US_GulfCoast - Geographical Area",6,1.62062903766234,0.135052419805195
"Portal - Boat Trader Online","US_GulfCoast - Geographical Area",7,1.4648273652414,0.12206894710345
"Portal - Boat Trader Online","US_GulfCoast - Geographical Area",8,1.12955838683921,0.094129865569934
"Portal - Boat Trader Online","US_GulfCoast - Geographical Area",9,0.829228213204345,0.069102351100362
"Portal - Boat Trader Online","US_GulfCoast - Geographical Area",10,0.641653395035639,0.0534711162529699
"Portal - Boat Trader Online","US_GulfCoast - Geographical Area",11,0.507915611948439,0.0423263009957033
"Portal - Boat Trader Online","US_GulfCoast - Geographical Area",12,0.490363777184168,0.0408636480986806
"Portal - Boat Trader Online","US_Flordia - Geographical Area",1,0.848880777224268,0.070740064768689
"Portal - Boat Trader Online","US_Flordia - Geographical Area",2,0.868016472868149,0.0723347060723457
"Portal - Boat Trader Online","US_Flordia - Geographical Area",3,1.01768701055463,0.0848072508795528
"Portal - Boat Trader Online","US_Flordia - Geographical Area",4,1.13184686379784,0.0943205719831537
"Portal - Boat Trader Online","US_Flordia - Geographical Area",5,1.49929923619454,0.124941603016212
"Portal - Boat Trader Online","US_Flordia - Geographical Area",6,1.35496221779329,0.112913518149441
"Portal - Boat Trader Online","US_Flordia - Geographical Area",7,1.21264417313414,0.101053681094512
"Portal - Boat Trader Online","US_Flordia - Geographical Area",8,1.06667720897036,0.0888897674141966
"Portal - Boat Trader Online","US_Flordia - Geographical Area",9,0.889268229516041,0.0741056857930034
"Portal - Boat Trader Online","US_Flordia - Geographical Area",10,0.733020199567789,0.0610850166306491
"Portal - Boat Trader Online","US_Flordia - Geographical Area",11,0.721395867016194,0.0601163222513495
"Portal - Boat Trader Online","US_Flordia - Geographical Area",12,0.656301743362751,0.0546918119468959
"Portal - Boat Trader Online","Africa - Geographical Area",1,0.979237461526144,0.0816031217938454
"Portal - Boat Trader Online","Africa - Geographical Area",2,0.89210715154103,0.0743422626284192
"Portal - Boat Trader Online","Africa - Geographical Area",3,0.972168353882375,0.0810140294901979
"Portal - Boat Trader Online","Africa - Geographical Area",4,1.06646265886218,0.0888718882385152
"Portal - Boat Trader Online","Africa - Geographical Area",5,1.25144554948672,0.104287129123893
"Portal - Boat Trader Online","Africa - Geographical Area",6,1.09115709193991,0.0909297576616594
"Portal - Boat Trader Online","Africa - Geographical Area",7,1.05702136744534,0.088085113953778
"Portal - Boat Trader Online","Africa - Geographical Area",8,1.10792843121557,0.0923273692679639
"Portal - Boat Trader Online","Africa - Geographical Area",9,1.04022630633195,0.0866855255276626
"Portal - Boat Trader Online","Africa - Geographical Area",10,0.953855095154222,0.0794879245961851
"Portal - Boat Trader Online","Africa - Geographical Area",11,0.845636071426453,0.0704696726188711
"Portal - Boat Trader Online","Africa - Geographical Area",12,0.742754461188108,0.061896205099009
"Portal - Boat Trader Online","FarEast - Geographical Area",1,0.876622654487691,0.0730518878739742
"Portal - Boat Trader Online","FarEast - Geographical Area",2,0.924977929839543,0.0770814941532953
"Portal - Boat Trader Online","FarEast - Geographical Area",3,0.880214289931201,0.0733511908276001
"Portal - Boat Trader Online","FarEast - Geographical Area",4,0.955136134790673,0.0795946778992228
"Portal - Boat Trader Online","FarEast - Geographical Area",5,1.17616175539809,0.0980134796165078
"Portal - Boat Trader Online","FarEast - Geographical Area",6,1.17677134489997,0.0980642787416645
"Portal - Boat Trader Online","FarEast - Geographical Area",7,1.15038600470372,0.095865500391977
"Portal - Boat Trader Online","FarEast - Geographical Area",8,1.09017256600111,0.0908477138334255
"Portal - Boat Trader Online","FarEast - Geographical Area",9,1.07093754590799,0.0892447954923328
"Portal - Boat Trader Online","FarEast - Geographical Area",10,0.979338485554514,0.0816115404628761
"Portal - Boat Trader Online","FarEast - Geographical Area",11,0.89595652693246,0.0746630439110384
"Portal - Boat Trader Online","FarEast - Geographical Area",12,0.823324761553025,0.0686103967960854
"Portal - Boat Trader Online","NorthAmericaInt - Geographical Area",1,0.874259528827776,0.072854960735648
"Portal - Boat Trader Online","NorthAmericaInt - Geographical Area",2,0.828355910118326,0.0690296591765272
"Portal - Boat Trader Online","NorthAmericaInt - Geographical Area",3,1.00310210977957,0.0835918424816312
"Portal - Boat Trader Online","NorthAmericaInt - Geographical Area",4,1.07940578523353,0.0899504821027944
"Portal - Boat Trader Online","NorthAmericaInt - Geographical Area",5,1.19464878766543,0.0995540656387857
"Portal - Boat Trader Online","NorthAmericaInt - Geographical Area",6,1.31302476620086,0.109418730516739
"Portal - Boat Trader Online","NorthAmericaInt - Geographical Area",7,1.16431240929701,0.097026034108084
"Portal - Boat Trader Online","NorthAmericaInt - Geographical Area",8,1.21157662264221,0.100964718553517
"Portal - Boat Trader Online","NorthAmericaInt - Geographical Area",9,1.07053008091311,0.0892108400760921
"Portal - Boat Trader Online","NorthAmericaInt - Geographical Area",10,0.851524225951751,0.0709603521626459
"Portal - Boat Trader Online","NorthAmericaInt - Geographical Area",11,0.761105177131574,0.0634254314276312
"Portal - Boat Trader Online","NorthAmericaInt - Geographical Area",12,0.648154596238854,0.0540128830199045
"Portal - Boat Trader Online","Australiasia - Geographical Area",1,1.45805486962235,0.121504572468529
"Portal - Boat Trader Online","Australiasia - Geographical Area",2,1.06447598565412,0.0887063321378436
"Portal - Boat Trader Online","Australiasia - Geographical Area",3,1.05960757416086,0.0883006311800716
"Portal - Boat Trader Online","Australiasia - Geographical Area",4,1.05188311125242,0.0876569259377017
"Portal - Boat Trader Online","Australiasia - Geographical Area",5,1.00165535365119,0.0834712794709326
"Portal - Boat Trader Online","Australiasia - Geographical Area",6,0.89755009222015,0.0747958410183459
"Portal - Boat Trader Online","Australiasia - Geographical Area",7,0.913945827204202,0.0761621522670168
"Portal - Boat Trader Online","Australiasia - Geographical Area",8,0.949443359016443,0.0791202799180369
"Portal - Boat Trader Online","Australiasia - Geographical Area",9,0.92486381806265,0.0770719848385542
"Portal - Boat Trader Online","Australiasia - Geographical Area",10,0.893594117284033,0.0744661764403361
"Portal - Boat Trader Online","Australiasia - Geographical Area",11,0.867402188441585,0.0722835157034654
"Portal - Boat Trader Online","Australiasia - Geographical Area",12,0.917523703429996,0.0764603086191663
"Portal - Boat Trader Online","MiddleEast - Geographical Area",1,0.720287528135966,0.0600239606779972
"Portal - Boat Trader Online","MiddleEast - Geographical Area",2,0.807503716791918,0.0672919763993265
"Portal - Boat Trader Online","MiddleEast - Geographical Area",3,0.911826912545224,0.0759855760454353
"Portal - Boat Trader Online","MiddleEast - Geographical Area",4,1.01053607559416,0.0842113396328463
"Portal - Boat Trader Online","MiddleEast - Geographical Area",5,1.32773401779475,0.110644501482896
"Portal - Boat Trader Online","MiddleEast - Geographical Area",6,1.27527185010906,0.106272654175755
"Portal - Boat Trader Online","MiddleEast - Geographical Area",7,1.13769748243068,0.0948081235358896
"Portal - Boat Trader Online","MiddleEast - Geographical Area",8,1.26214866658233,0.105179055548527
"Portal - Boat Trader Online","MiddleEast - Geographical Area",9,1.18202898206176,0.098502415171813
"Portal - Boat Trader Online","MiddleEast - Geographical Area",10,0.956127845755046,0.0796773204795872
"Portal - Boat Trader Online","MiddleEast - Geographical Area",11,0.73615150076883,0.0613459583974025
"Portal - Boat Trader Online","MiddleEast - Geographical Area",12,0.672685421430288,0.056057118452524
"Portal - Boat Trader Online","SouthAmerica - Geographical Area",1,1.20698391604292,0.100581993003576
"Portal - Boat Trader Online","SouthAmerica - Geographical Area",2,1.24445973147804,0.10370497762317
"Portal - Boat Trader Online","SouthAmerica - Geographical Area",3,1.14136606148254,0.0951138384568782
"Portal - Boat Trader Online","SouthAmerica - Geographical Area",4,0.964915476167211,0.0804096230139342
"Portal - Boat Trader Online","SouthAmerica - Geographical Area",5,0.883040903672145,0.0735867419726788
"Portal - Boat Trader Online","SouthAmerica - Geographical Area",6,0.844870917938596,0.0704059098282163
"Portal - Boat Trader Online","SouthAmerica - Geographical Area",7,0.966547714436475,0.0805456428697063
"Portal - Boat Trader Online","SouthAmerica - Geographical Area",8,1.01768648986691,0.0848072074889093
"Portal - Boat Trader Online","SouthAmerica - Geographical Area",9,0.974704215442944,0.081225351286912
"Portal - Boat Trader Online","SouthAmerica - Geographical Area",10,0.935835369071117,0.0779862807559264
"Portal - Boat Trader Online","SouthAmerica - Geographical Area",11,0.954418495573492,0.0795348746311243
"Portal - Boat Trader Online","SouthAmerica - Geographical Area",12,0.86517070882761,0.0720975590689675
"Portal - Boat Trader Online","US_New_England - Geographical Area",1,0.687836628885363,0.0573197190737802
"Portal - Boat Trader Online","US_New_England - Geographical Area",2,0.897686166781133,0.0748071805650944
"Portal - Boat Trader Online","US_New_England - Geographical Area",3,0.984460484926634,0.0820383737438862
"Portal - Boat Trader Online","US_New_England - Geographical Area",4,0.970700487371181,0.0808917072809318
"Portal - Boat Trader Online","US_New_England - Geographical Area",5,1.17123918776981,0.0976032656474843
"Portal - Boat Trader Online","US_New_England - Geographical Area",6,1.33103975623174,0.110919979685978
"Portal - Boat Trader Online","US_New_England - Geographical Area",7,1.53831341505056,0.128192784587547
"Portal - Boat Trader Online","US_New_England - Geographical Area",8,1.57385740691072,0.131154783909227
"Portal - Boat Trader Online","US_New_England - Geographical Area",9,1.17401159339181,0.0978342994493175
"Portal - Boat Trader Online","US_New_England - Geographical Area",10,0.652070053446221,0.0543391711205184
"Portal - Boat Trader Online","US_New_England - Geographical Area",11,0.524220431623779,0.0436850359686483
"Portal - Boat Trader Online","US_New_England - Geographical Area",12,0.494564387611042,0.0412136989675868
"Portal - Boat Trader Online","US_Mid_Atlantic - Geographical Area",1,0.713256756196382,0.0594380630163651
"Portal - Boat Trader Online","US_Mid_Atlantic - Geographical Area",2,0.884853167527326,0.0737377639606105
"Portal - Boat Trader Online","US_Mid_Atlantic - Geographical Area",3,0.971021838875785,0.080918486572982
"Portal - Boat Trader Online","US_Mid_Atlantic - Geographical Area",4,1.01968035672034,0.0849733630600282
"Portal - Boat Trader Online","US_Mid_Atlantic - Geographical Area",5,1.24734020885117,0.103945017404264
"Portal - Boat Trader Online","US_Mid_Atlantic - Geographical Area",6,1.47124674051181,0.122603895042651
"Portal - Boat Trader Online","US_Mid_Atlantic - Geographical Area",7,1.48658786165378,0.123882321804482
"Portal - Boat Trader Online","US_Mid_Atlantic - Geographical Area",8,1.40899295535873,0.117416079613228
"Portal - Boat Trader Online","US_Mid_Atlantic - Geographical Area",9,1.04596073490634,0.0871633945755287
"Portal - Boat Trader Online","US_Mid_Atlantic - Geographical Area",10,0.636293196603546,0.0530244330502955
"Portal - Boat Trader Online","US_Mid_Atlantic - Geographical Area",11,0.553759296706728,0.046146608058894
"Portal - Boat Trader Online","US_Mid_Atlantic - Geographical Area",12,0.561006886088053,0.0467505738406711
"Portal - Boat Trader Online","US_NY_NJ - Geographical Area",1,0.721117050810996,0.060093087567583
"Portal - Boat Trader Online","US_NY_NJ - Geographical Area",2,0.831517417500148,0.0692931181250123
"Portal - Boat Trader Online","US_NY_NJ - Geographical Area",3,0.967801300447179,0.0806501083705983
"Portal - Boat Trader Online","US_NY_NJ - Geographical Area",4,1.021888175534,0.085157347961167
"Portal - Boat Trader Online","US_NY_NJ - Geographical Area",5,1.23161842740592,0.102634868950494
"Portal - Boat Trader Online","US_NY_NJ - Geographical Area",6,1.35838244386738,0.113198536988948
"Portal - Boat Trader Online","US_NY_NJ - Geographical Area",7,1.49552225009267,0.124626854174389
"Portal - Boat Trader Online","US_NY_NJ - Geographical Area",8,1.49681795715478,0.124734829762899
"Portal - Boat Trader Online","US_NY_NJ - Geographical Area",9,1.15177121155009,0.095980934295841
"Portal - Boat Trader Online","US_NY_NJ - Geographical Area",10,0.659155501417222,0.0549296251181018
"Portal - Boat Trader Online","US_NY_NJ - Geographical Area",11,0.555924083290725,0.0463270069408938
"Portal - Boat Trader Online","US_NY_NJ - Geographical Area",12,0.50848418092888,0.0423736817440733
"Portal - YachtWorld","Europe - Geographical Area",1,0.939875460156693,0.0783229550130578
"Portal - YachtWorld","Europe - Geographical Area",2,0.906965864176439,0.0755804886813699
"Portal - YachtWorld","Europe - Geographical Area",3,0.921467769302847,0.0767889807752373
"Portal - YachtWorld","Europe - Geographical Area",4,0.851972327682568,0.0709976939735474
"Portal - YachtWorld","Europe - Geographical Area",5,0.995736459357495,0.0829780382797912
"Portal - YachtWorld","Europe - Geographical Area",6,1.01372492553735,0.0844770771281126
"Portal - YachtWorld","Europe - Geographical Area",7,1.1874212949516,0.0989517745792998
"Portal - YachtWorld","Europe - Geographical Area",8,1.44342250396397,0.120285208663664
"Portal - YachtWorld","Europe - Geographical Area",9,1.21550549190291,0.101292124325242
"Portal - YachtWorld","Europe - Geographical Area",10,0.946844358799947,0.0789036965666622
"Portal - YachtWorld","Europe - Geographical Area",11,0.805312235847024,0.067109352987252
"Portal - YachtWorld","Europe - Geographical Area",12,0.771751308321155,0.0643126090267629
"Portal - YachtWorld","UK - Geographical Area",1,0.961229295956246,0.0801024413296872
"Portal - YachtWorld","UK - Geographical Area",2,0.812836553088028,0.0677363794240023
"Portal - YachtWorld","UK - Geographical Area",3,0.869980056464067,0.0724983380386723
"Portal - YachtWorld","UK - Geographical Area",4,0.915064180147082,0.0762553483455901
"Portal - YachtWorld","UK - Geographical Area",5,1.08447977978156,0.0903733149817966
"Portal - YachtWorld","UK - Geographical Area",6,1.05347529442189,0.0877896078684907
"Portal - YachtWorld","UK - Geographical Area",7,1.14465901923975,0.0953882516033129
"Portal - YachtWorld","UK - Geographical Area",8,1.34710437674236,0.112258698061863
"Portal - YachtWorld","UK - Geographical Area",9,1.23962889056749,0.10330240754729
"Portal - YachtWorld","UK - Geographical Area",10,0.992339407015318,0.0826949505846098
"Portal - YachtWorld","UK - Geographical Area",11,0.865214198166403,0.0721011831805335
"Portal - YachtWorld","UK - Geographical Area",12,0.713988948409812,0.059499079034151
"Portal - YachtWorld","RussiaScandinavia - Geographical Area",1,0.940860247242413,0.0784050206035344
"Portal - YachtWorld","RussiaScandinavia - Geographical Area",2,0.965941075478011,0.0804950896231676
"Portal - YachtWorld","RussiaScandinavia - Geographical Area",3,0.967746537915168,0.080645544826264
"Portal - YachtWorld","RussiaScandinavia - Geographical Area",4,0.852992514413916,0.071082709534493
"Portal - YachtWorld","RussiaScandinavia - Geographical Area",5,0.959833027196909,0.0799860855997424
"Portal - YachtWorld","RussiaScandinavia - Geographical Area",6,1.02257690593137,0.0852147421609474
"Portal - YachtWorld","RussiaScandinavia - Geographical Area",7,1.39625648647796,0.116354707206496
"Portal - YachtWorld","RussiaScandinavia - Geographical Area",8,1.36584532264777,0.113820443553981
"Portal - YachtWorld","RussiaScandinavia - Geographical Area",9,1.03748293045469,0.0864569108712239
"Portal - YachtWorld","RussiaScandinavia - Geographical Area",10,0.886152462332332,0.0738460385276944
"Portal - YachtWorld","RussiaScandinavia - Geographical Area",11,0.802422518191871,0.0668685431826559
"Portal - YachtWorld","RussiaScandinavia - Geographical Area",12,0.801889971717601,0.0668241643098001
"Portal - YachtWorld","CA_WEST - Geographical Area",1,1.00861281060252,0.0840510675502096
"Portal - YachtWorld","CA_WEST - Geographical Area",2,0.991704941331438,0.0826420784442865
"Portal - YachtWorld","CA_WEST - Geographical Area",3,0.967128273567083,0.0805940227972569
"Portal - YachtWorld","CA_WEST - Geographical Area",4,0.962749074186411,0.0802290895155342
"Portal - YachtWorld","CA_WEST - Geographical Area",5,1.04205302413182,0.0868377520109846
"Portal - YachtWorld","CA_WEST - Geographical Area",6,1.03640397247691,0.0863669977064088
"Portal - YachtWorld","CA_WEST - Geographical Area",7,1.14010491591128,0.095008742992607
"Portal - YachtWorld","CA_WEST - Geographical Area",8,1.27202627519628,0.10600218959969
"Portal - YachtWorld","CA_WEST - Geographical Area",9,1.09384427844313,0.0911536898702609
"Portal - YachtWorld","CA_WEST - Geographical Area",10,0.924883442813318,0.0770736202344432
"Portal - YachtWorld","CA_WEST - Geographical Area",11,0.791986873956474,0.0659989061630395
"Portal - YachtWorld","CA_WEST - Geographical Area",12,0.768502117383342,0.0640418431152785
"Portal - YachtWorld","CA_EAST - Geographical Area",1,0.97308879718585,0.0810907330988208
"Portal - YachtWorld","CA_EAST - Geographical Area",2,0.970975263226061,0.0809146052688384
"Portal - YachtWorld","CA_EAST - Geographical Area",3,0.986498402806879,0.0822082002339066
"Portal - YachtWorld","CA_EAST - Geographical Area",4,0.932091847449798,0.0776743206208165
"Portal - YachtWorld","CA_EAST - Geographical Area",5,0.9491091846476,0.0790924320539667
"Portal - YachtWorld","CA_EAST - Geographical Area",6,1.05150924281588,0.0876257702346564
"Portal - YachtWorld","CA_EAST - Geographical Area",7,1.19444350130181,0.0995369584418173
"Portal - YachtWorld","CA_EAST - Geographical Area",8,1.34615324938967,0.112179437449139
"Portal - YachtWorld","CA_EAST - Geographical Area",9,1.17928456265214,0.0982737135543447
"Portal - YachtWorld","CA_EAST - Geographical Area",10,0.897092722246152,0.074757726853846
"Portal - YachtWorld","CA_EAST - Geographical Area",11,0.752989125583427,0.062749093798619
"Portal - YachtWorld","CA_EAST - Geographical Area",12,0.766764100694741,0.0638970083912284
"Portal - YachtWorld","US_Southwest  - Geographical Area",1,1.01059857922023,0.0842165482683528
"Portal - YachtWorld","US_Southwest  - Geographical Area",2,0.928575670401349,0.0773813058667791
"Portal - YachtWorld","US_Southwest  - Geographical Area",3,0.977104001635221,0.0814253334696017
"Portal - YachtWorld","US_Southwest  - Geographical Area",4,0.979045947657201,0.0815871623047668
"Portal - YachtWorld","US_Southwest  - Geographical Area",5,1.06480144218762,0.0887334535156347
"Portal - YachtWorld","US_Southwest  - Geographical Area",6,1.06900427491792,0.0890836895764934
"Portal - YachtWorld","US_Southwest  - Geographical Area",7,1.11758794000238,0.0931323283335319
"Portal - YachtWorld","US_Southwest  - Geographical Area",8,1.16458143721664,0.0970484531013867
"Portal - YachtWorld","US_Southwest  - Geographical Area",9,1.07735551364025,0.0897796261366873
"Portal - YachtWorld","US_Southwest  - Geographical Area",10,0.960612699935111,0.0800510583279259
"Portal - YachtWorld","US_Southwest  - Geographical Area",11,0.848571267882963,0.0707142723235803
"Portal - YachtWorld","US_Southwest  - Geographical Area",12,0.802161225303112,0.0668467687752593
"Portal - YachtWorld","US_Southeast - Geographical Area",1,1.01554435791415,0.0846286964928459
"Portal - YachtWorld","US_Southeast - Geographical Area",2,0.927466050580102,0.0772888375483418
"Portal - YachtWorld","US_Southeast - Geographical Area",3,0.986932210573747,0.0822443508811456
"Portal - YachtWorld","US_Southeast - Geographical Area",4,0.991807281693815,0.0826506068078179
"Portal - YachtWorld","US_Southeast - Geographical Area",5,1.16820355449414,0.0973502962078449
"Portal - YachtWorld","US_Southeast - Geographical Area",6,1.19018232877223,0.099181860731019
"Portal - YachtWorld","US_Southeast - Geographical Area",7,1.18449636374401,0.098708030312001
"Portal - YachtWorld","US_Southeast - Geographical Area",8,1.13399705827227,0.0944997548560223
"Portal - YachtWorld","US_Southeast - Geographical Area",9,0.975572415106289,0.0812977012588574
"Portal - YachtWorld","US_Southeast - Geographical Area",10,0.855805842127076,0.0713171535105897
"Portal - YachtWorld","US_Southeast - Geographical Area",11,0.785744972500746,0.0654787477083955
"Portal - YachtWorld","US_Southeast - Geographical Area",12,0.784247564221427,0.0653539636851189
"Portal - YachtWorld","US_NorthWest  - Geographical Area",1,1.03719121749028,0.0864326014575233
"Portal - YachtWorld","US_NorthWest  - Geographical Area",2,1.02650043174398,0.0855417026453318
"Portal - YachtWorld","US_NorthWest  - Geographical Area",3,0.968940240805379,0.080745020067115
"Portal - YachtWorld","US_NorthWest  - Geographical Area",4,0.910541629416126,0.0758784691180105
"Portal - YachtWorld","US_NorthWest  - Geographical Area",5,1.05910410926846,0.0882586757723716
"Portal - YachtWorld","US_NorthWest  - Geographical Area",6,1.05285554590986,0.0877379621591547
"Portal - YachtWorld","US_NorthWest  - Geographical Area",7,1.10777467542889,0.0923145562857407
"Portal - YachtWorld","US_NorthWest  - Geographical Area",8,1.21770543451667,0.101475452876389
"Portal - YachtWorld","US_NorthWest  - Geographical Area",9,1.10494972391048,0.0920791436592064
"Portal - YachtWorld","US_NorthWest  - Geographical Area",10,0.948540649840599,0.0790450541533833
"Portal - YachtWorld","US_NorthWest  - Geographical Area",11,0.783727761253672,0.0653106467711393
"Portal - YachtWorld","US_NorthWest  - Geographical Area",12,0.782168580415612,0.0651807150346343
"Portal - YachtWorld","US_Midwest - Geographical Area",1,1.03287430842344,0.0860728590352867
"Portal - YachtWorld","US_Midwest - Geographical Area",2,0.959007009194729,0.0799172507662274
"Portal - YachtWorld","US_Midwest - Geographical Area",3,0.960987410717165,0.0800822842264304
"Portal - YachtWorld","US_Midwest - Geographical Area",4,0.944322195052443,0.0786935162543703
"Portal - YachtWorld","US_Midwest - Geographical Area",5,1.02772288056671,0.085643573380559
"Portal - YachtWorld","US_Midwest - Geographical Area",6,1.16181319238706,0.0968177660322548
"Portal - YachtWorld","US_Midwest - Geographical Area",7,1.27825537191547,0.106521280992955
"Portal - YachtWorld","US_Midwest - Geographical Area",8,1.28149217618709,0.106791014682257
"Portal - YachtWorld","US_Midwest - Geographical Area",9,1.08941353579351,0.0907844613161257
"Portal - YachtWorld","US_Midwest - Geographical Area",10,0.823532270451875,0.068627689204323
"Portal - YachtWorld","US_Midwest - Geographical Area",11,0.703325959496573,0.0586104966247144
"Portal - YachtWorld","US_Midwest - Geographical Area",12,0.737253689813946,0.0614378074844955
"Portal - YachtWorld","US_GulfCoast - Geographical Area",1,0.998962449040738,0.0832468707533949
"Portal - YachtWorld","US_GulfCoast - Geographical Area",2,0.939987651263463,0.0783323042719552
"Portal - YachtWorld","US_GulfCoast - Geographical Area",3,1.00894355351563,0.0840786294596356
"Portal - YachtWorld","US_GulfCoast - Geographical Area",4,1.02309095999563,0.085257579999636
"Portal - YachtWorld","US_GulfCoast - Geographical Area",5,1.14901563606655,0.095751303005546
"Portal - YachtWorld","US_GulfCoast - Geographical Area",6,1.20597503930986,0.100497919942489
"Portal - YachtWorld","US_GulfCoast - Geographical Area",7,1.20312710518837,0.100260592099031
"Portal - YachtWorld","US_GulfCoast - Geographical Area",8,1.14980024155662,0.0958166867963847
"Portal - YachtWorld","US_GulfCoast - Geographical Area",9,0.969062024019067,0.0807551686682556
"Portal - YachtWorld","US_GulfCoast - Geographical Area",10,0.867695824153223,0.0723079853461019
"Portal - YachtWorld","US_GulfCoast - Geographical Area",11,0.743607060055838,0.0619672550046531
"Portal - YachtWorld","US_GulfCoast - Geographical Area",12,0.740732455835006,0.0617277046529172
"Portal - YachtWorld","US_Flordia - Geographical Area",1,1.10501192883564,0.0920843274029697
"Portal - YachtWorld","US_Flordia - Geographical Area",2,1.06757143526606,0.0889642862721713
"Portal - YachtWorld","US_Flordia - Geographical Area",3,1.09012600063394,0.0908438333861614
"Portal - YachtWorld","US_Flordia - Geographical Area",4,1.05069595478778,0.0875579962323151
"Portal - YachtWorld","US_Flordia - Geographical Area",5,1.15336194872521,0.0961134957271006
"Portal - YachtWorld","US_Flordia - Geographical Area",6,1.05511868355319,0.0879265569627661
"Portal - YachtWorld","US_Flordia - Geographical Area",7,1.00498490051249,0.0837487417093744
"Portal - YachtWorld","US_Flordia - Geographical Area",8,0.98909106891122,0.0824242557426017
"Portal - YachtWorld","US_Flordia - Geographical Area",9,0.905516166889897,0.0754596805741581
"Portal - YachtWorld","US_Flordia - Geographical Area",10,0.843054727214465,0.0702545606012054
"Portal - YachtWorld","US_Flordia - Geographical Area",11,0.890081596385653,0.0741734663654711
"Portal - YachtWorld","US_Flordia - Geographical Area",12,0.84538558828446,0.070448799023705
"Portal - YachtWorld","Africa - Geographical Area",1,1.14768690218413,0.0956405751820106
"Portal - YachtWorld","Africa - Geographical Area",2,0.971149835351091,0.0809291529459242
"Portal - YachtWorld","Africa - Geographical Area",3,0.984648361025775,0.0820540300854812
"Portal - YachtWorld","Africa - Geographical Area",4,1.07292021592991,0.0894100179941592
"Portal - YachtWorld","Africa - Geographical Area",5,1.06389241258744,0.0886577010489535
"Portal - YachtWorld","Africa - Geographical Area",6,1.03930011827264,0.0866083431893865
"Portal - YachtWorld","Africa - Geographical Area",7,1.01977309257346,0.0849810910477882
"Portal - YachtWorld","Africa - Geographical Area",8,1.10304278712669,0.0919202322605574
"Portal - YachtWorld","Africa - Geographical Area",9,1.01443214048564,0.0845360117071367
"Portal - YachtWorld","Africa - Geographical Area",10,0.907928640052878,0.0756607200044065
"Portal - YachtWorld","Africa - Geographical Area",11,0.869146950639096,0.072428912553258
"Portal - YachtWorld","Africa - Geographical Area",12,0.806078543771256,0.067173211980938
"Portal - YachtWorld","FarEast - Geographical Area",1,0.993846115071347,0.0828205095892789
"Portal - YachtWorld","FarEast - Geographical Area",2,0.907426487928964,0.0756188739940804
"Portal - YachtWorld","FarEast - Geographical Area",3,0.990790475670401,0.0825658729725334
"Portal - YachtWorld","FarEast - Geographical Area",4,0.956081484517474,0.0796734570431228
"Portal - YachtWorld","FarEast - Geographical Area",5,1.08218601834944,0.0901821681957866
"Portal - YachtWorld","FarEast - Geographical Area",6,1.09658088833174,0.0913817406943118
"Portal - YachtWorld","FarEast - Geographical Area",7,1.08213801144605,0.0901781676205038
"Portal - YachtWorld","FarEast - Geographical Area",8,1.11883928908977,0.0932366074241476
"Portal - YachtWorld","FarEast - Geographical Area",9,1.06863126917651,0.089052605764709
"Portal - YachtWorld","FarEast - Geographical Area",10,0.95367153796716,0.07947262816393
"Portal - YachtWorld","FarEast - Geographical Area",11,0.890456047579642,0.0742046706316368
"Portal - YachtWorld","FarEast - Geographical Area",12,0.859352374871507,0.0716126979059589
"Portal - YachtWorld","NorthAmericaInt - Geographical Area",1,1.125746035502,0.0938121696251667
"Portal - YachtWorld","NorthAmericaInt - Geographical Area",2,1.06693322332773,0.0889111019439772
"Portal - YachtWorld","NorthAmericaInt - Geographical Area",3,1.13034719694887,0.0941955997457395
"Portal - YachtWorld","NorthAmericaInt - Geographical Area",4,1.07155957689828,0.0892966314081902
"Portal - YachtWorld","NorthAmericaInt - Geographical Area",5,1.04786818401227,0.0873223486676891
"Portal - YachtWorld","NorthAmericaInt - Geographical Area",6,1.00787028935403,0.0839891907795028
"Portal - YachtWorld","NorthAmericaInt - Geographical Area",7,1.01834661393115,0.0848622178275962
"Portal - YachtWorld","NorthAmericaInt - Geographical Area",8,1.0551127190084,0.0879260599173669
"Portal - YachtWorld","NorthAmericaInt - Geographical Area",9,0.919501717787934,0.0766251431489945
"Portal - YachtWorld","NorthAmericaInt - Geographical Area",10,0.860273235572898,0.0716894362977415
"Portal - YachtWorld","NorthAmericaInt - Geographical Area",11,0.841429527058365,0.0701191272548638
"Portal - YachtWorld","NorthAmericaInt - Geographical Area",12,0.855011680598061,0.0712509733831718
"Portal - YachtWorld","Australiasia - Geographical Area",1,1.25149170179755,0.104290975149796
"Portal - YachtWorld","Australiasia - Geographical Area",2,1.03546371376711,0.0862886428139256
"Portal - YachtWorld","Australiasia - Geographical Area",3,1.05049538946227,0.0875412824551893
"Portal - YachtWorld","Australiasia - Geographical Area",4,1.01561349469788,0.0846344578914903
"Portal - YachtWorld","Australiasia - Geographical Area",5,1.01620199531029,0.0846834996091907
"Portal - YachtWorld","Australiasia - Geographical Area",6,0.943601570554522,0.0786334642128769
"Portal - YachtWorld","Australiasia - Geographical Area",7,1.02480453534692,0.0854003779455763
"Portal - YachtWorld","Australiasia - Geographical Area",8,1.0412903368939,0.086774194741158
"Portal - YachtWorld","Australiasia - Geographical Area",9,0.981001718600829,0.0817501432167358
"Portal - YachtWorld","Australiasia - Geographical Area",10,0.876255615552374,0.0730213012960312
"Portal - YachtWorld","Australiasia - Geographical Area",11,0.848691056444876,0.0707242547037397
"Portal - YachtWorld","Australiasia - Geographical Area",12,0.915088871571483,0.0762574059642902
"Portal - YachtWorld","MiddleEast - Geographical Area",1,0.860800197547433,0.0717333497956194
"Portal - YachtWorld","MiddleEast - Geographical Area",2,0.852678668259706,0.0710565556883089
"Portal - YachtWorld","MiddleEast - Geographical Area",3,0.939718455471513,0.0783098712892928
"Portal - YachtWorld","MiddleEast - Geographical Area",4,0.922725493250488,0.0768937911042073
"Portal - YachtWorld","MiddleEast - Geographical Area",5,1.04340537555323,0.0869504479627694
"Portal - YachtWorld","MiddleEast - Geographical Area",6,1.09903293675706,0.0915860780630887
"Portal - YachtWorld","MiddleEast - Geographical Area",7,1.15633504008208,0.0963612533401731
"Portal - YachtWorld","MiddleEast - Geographical Area",8,1.40777664034976,0.117314720029147
"Portal - YachtWorld","MiddleEast - Geographical Area",9,1.11268955581708,0.0927241296514237
"Portal - YachtWorld","MiddleEast - Geographical Area",10,0.983405803289535,0.0819504836074612
"Portal - YachtWorld","MiddleEast - Geographical Area",11,0.823563477204916,0.0686302897670763
"Portal - YachtWorld","MiddleEast - Geographical Area",12,0.79786835641719,0.0664890297014325
"Portal - YachtWorld","SouthAmerica - Geographical Area",1,1.11677069560137,0.0930642246334473
"Portal - YachtWorld","SouthAmerica - Geographical Area",2,1.14701531950214,0.0955846099585115
"Portal - YachtWorld","SouthAmerica - Geographical Area",3,1.04929544156637,0.0874412867971977
"Portal - YachtWorld","SouthAmerica - Geographical Area",4,0.999379517567541,0.0832816264639617
"Portal - YachtWorld","SouthAmerica - Geographical Area",5,0.952282922024544,0.079356910168712
"Portal - YachtWorld","SouthAmerica - Geographical Area",6,0.987613789615053,0.0823011491345877
"Portal - YachtWorld","SouthAmerica - Geographical Area",7,1.05944771870602,0.0882873098921685
"Portal - YachtWorld","SouthAmerica - Geographical Area",8,1.06109990581186,0.0884249921509885
"Portal - YachtWorld","SouthAmerica - Geographical Area",9,0.936209044615648,0.0780174203846374
"Portal - YachtWorld","SouthAmerica - Geographical Area",10,0.90724103419727,0.0756034195164391
"Portal - YachtWorld","SouthAmerica - Geographical Area",11,0.923607960083654,0.0769673300069711
"Portal - YachtWorld","SouthAmerica - Geographical Area",12,0.86003665070853,0.0716697208923775
"Portal - YachtWorld","US_New_England - Geographical Area",1,0.872944536149094,0.0727453780124245
"Portal - YachtWorld","US_New_England - Geographical Area",2,0.926427018817616,0.0772022515681346
"Portal - YachtWorld","US_New_England - Geographical Area",3,0.952751666412117,0.0793959722010097
"Portal - YachtWorld","US_New_England - Geographical Area",4,0.904303470661131,0.0753586225550942
"Portal - YachtWorld","US_New_England - Geographical Area",5,1.00416978059163,0.0836808150493023
"Portal - YachtWorld","US_New_England - Geographical Area",6,1.04866301118754,0.0873885842656281
"Portal - YachtWorld","US_New_England - Geographical Area",7,1.25815462604947,0.104846218837456
"Portal - YachtWorld","US_New_England - Geographical Area",8,1.41993670280663,0.118328058567219
"Portal - YachtWorld","US_New_England - Geographical Area",9,1.25448146681254,0.104540122234379
"Portal - YachtWorld","US_New_England - Geographical Area",10,0.907784512662719,0.0756487093885599
"Portal - YachtWorld","US_New_England - Geographical Area",11,0.740965601014077,0.0617471334178397
"Portal - YachtWorld","US_New_England - Geographical Area",12,0.709417606835433,0.0591181339029527
"Portal - YachtWorld","US_Mid_Atlantic - Geographical Area",1,0.927098487056715,0.0772582072547263
"Portal - YachtWorld","US_Mid_Atlantic - Geographical Area",2,0.93211763426796,0.07767646952233
"Portal - YachtWorld","US_Mid_Atlantic - Geographical Area",3,0.941970846634063,0.0784975705528386
"Portal - YachtWorld","US_Mid_Atlantic - Geographical Area",4,0.9556080776906,0.0796340064742167
"Portal - YachtWorld","US_Mid_Atlantic - Geographical Area",5,1.08726561009122,0.0906054675076013
"Portal - YachtWorld","US_Mid_Atlantic - Geographical Area",6,1.13561856478226,0.094634880398522
"Portal - YachtWorld","US_Mid_Atlantic - Geographical Area",7,1.17717430071457,0.0980978583928806
"Portal - YachtWorld","US_Mid_Atlantic - Geographical Area",8,1.22391795087774,0.101993162573145
"Portal - YachtWorld","US_Mid_Atlantic - Geographical Area",9,1.11087346828662,0.0925727890238852
"Portal - YachtWorld","US_Mid_Atlantic - Geographical Area",10,0.947942685008394,0.0789952237506995
"Portal - YachtWorld","US_Mid_Atlantic - Geographical Area",11,0.792910251740572,0.0660758543117143
"Portal - YachtWorld","US_Mid_Atlantic - Geographical Area",12,0.767502122849285,0.0639585102374404
"Portal - YachtWorld","US_NY_NJ - Geographical Area",1,0.924633679581971,0.0770528066318309
"Portal - YachtWorld","US_NY_NJ - Geographical Area",2,0.913869218169258,0.0761557681807715
"Portal - YachtWorld","US_NY_NJ - Geographical Area",3,0.953759357378301,0.0794799464481918
"Portal - YachtWorld","US_NY_NJ - Geographical Area",4,0.946142249763042,0.0788451874802535
"Portal - YachtWorld","US_NY_NJ - Geographical Area",5,1.03246668613504,0.0860388905112536
"Portal - YachtWorld","US_NY_NJ - Geographical Area",6,1.04373944179394,0.0869782868161615
"Portal - YachtWorld","US_NY_NJ - Geographical Area",7,1.22015094443011,0.101679245369175
"Portal - YachtWorld","US_NY_NJ - Geographical Area",8,1.34166875592939,0.111805729660783
"Portal - YachtWorld","US_NY_NJ - Geographical Area",9,1.22201347231986,0.101834456026655
"Portal - YachtWorld","US_NY_NJ - Geographical Area",10,0.904179793868592,0.075348316155716
"Portal - YachtWorld","US_NY_NJ - Geographical Area",11,0.773297678515631,0.0644414732096359
"Portal - YachtWorld","US_NY_NJ - Geographical Area",12,0.724078722114866,0.0603398935095722
"Portal - boats.com","Europe - Geographical Area",1,0.95947160834442,0.079955967362035
"Portal - boats.com","Europe - Geographical Area",2,1.01946821300522,0.0849556844171014
"Portal - boats.com","Europe - Geographical Area",3,0.847952332854284,0.0706626944045237
"Portal - boats.com","Europe - Geographical Area",4,0.831691540907431,0.0693076284089526
"Portal - boats.com","Europe - Geographical Area",5,1.12536435833428,0.093780363194523
"Portal - boats.com","Europe - Geographical Area",6,1.07467931128,0.0895566092733334
"Portal - boats.com","Europe - Geographical Area",7,1.18659817975652,0.0988831816463765
"Portal - boats.com","Europe - Geographical Area",8,1.49127541966606,0.124272951638838
"Portal - boats.com","Europe - Geographical Area",9,1.20115569658907,0.100096308049089
"Portal - boats.com","Europe - Geographical Area",10,0.857347172365783,0.0714455976971486
"Portal - boats.com","Europe - Geographical Area",11,0.70758388516493,0.0589653237637442
"Portal - boats.com","Europe - Geographical Area",12,0.697412281732007,0.058117690144334
"Portal - boats.com","UK - Geographical Area",1,0.944112058005652,0.0786760048338043
"Portal - boats.com","UK - Geographical Area",2,0.964597325235064,0.0803831104362553
"Portal - boats.com","UK - Geographical Area",3,0.836740506471278,0.0697283755392732
"Portal - boats.com","UK - Geographical Area",4,0.890469409116842,0.0742057840930702
"Portal - boats.com","UK - Geographical Area",5,1.16707083140535,0.0972559026171127
"Portal - boats.com","UK - Geographical Area",6,1.14187754661971,0.0951564622183089
"Portal - boats.com","UK - Geographical Area",7,1.05238208617289,0.0876985071810745
"Portal - boats.com","UK - Geographical Area",8,1.28241007372001,0.106867506143334
"Portal - boats.com","UK - Geographical Area",9,1.29899595236277,0.108249662696897
"Portal - boats.com","UK - Geographical Area",10,0.916474916778602,0.0763729097315502
"Portal - boats.com","UK - Geographical Area",11,0.796028733282719,0.0663357277735599
"Portal - boats.com","UK - Geographical Area",12,0.708840560829114,0.0590700467357595
"Portal - boats.com","RussiaScandinavia - Geographical Area",1,0.791068305007882,0.0659223587506568
"Portal - boats.com","RussiaScandinavia - Geographical Area",2,0.991173812043227,0.0825978176702689
"Portal - boats.com","RussiaScandinavia - Geographical Area",3,1.01137439881042,0.0842811999008686
"Portal - boats.com","RussiaScandinavia - Geographical Area",4,0.962187142332693,0.0801822618610577
"Portal - boats.com","RussiaScandinavia - Geographical Area",5,1.10440568997591,0.0920338074979922
"Portal - boats.com","RussiaScandinavia - Geographical Area",6,1.20036156212112,0.10003013017676
"Portal - boats.com","RussiaScandinavia - Geographical Area",7,1.49181394975767,0.124317829146473
"Portal - boats.com","RussiaScandinavia - Geographical Area",8,1.56869217551188,0.130724347959323
"Portal - boats.com","RussiaScandinavia - Geographical Area",9,1.01137439881042,0.0842811999008686
"Portal - boats.com","RussiaScandinavia - Geographical Area",10,0.627143690093136,0.052261974174428
"Portal - boats.com","RussiaScandinavia - Geographical Area",11,0.623367648828162,0.0519473040690135
"Portal - boats.com","RussiaScandinavia - Geographical Area",12,0.617037226707471,0.0514197688922892
"Portal - boats.com","CA_WEST - Geographical Area",1,0.850846897183779,0.0709039080986482
"Portal - boats.com","CA_WEST - Geographical Area",2,0.993296943203017,0.0827747452669181
"Portal - boats.com","CA_WEST - Geographical Area",3,0.909480744170788,0.0757900620142323
"Portal - boats.com","CA_WEST - Geographical Area",4,0.953721700121199,0.0794768083434333
"Portal - boats.com","CA_WEST - Geographical Area",5,1.19857789488347,0.099881491240289
"Portal - boats.com","CA_WEST - Geographical Area",6,1.23759075293202,0.103132562744335
"Portal - boats.com","CA_WEST - Geographical Area",7,1.33420121147109,0.111183434289258
"Portal - boats.com","CA_WEST - Geographical Area",8,1.48434760081598,0.123695633401332
"Portal - boats.com","CA_WEST - Geographical Area",9,1.09897846403795,0.0915815386698292
"Portal - boats.com","CA_WEST - Geographical Area",10,0.726299441390237,0.0605249534491864
"Portal - boats.com","CA_WEST - Geographical Area",11,0.59249346162308,0.0493744551352566
"Portal - boats.com","CA_WEST - Geographical Area",12,0.620164888167393,0.0516804073472827
"Portal - boats.com","CA_EAST - Geographical Area",1,0.793910029578819,0.0661591691315683
"Portal - boats.com","CA_EAST - Geographical Area",2,0.929301177708821,0.0774417648090684
"Portal - boats.com","CA_EAST - Geographical Area",3,0.888925181918813,0.0740770984932344
"Portal - boats.com","CA_EAST - Geographical Area",4,0.953127551853666,0.0794272959878055
"Portal - boats.com","CA_EAST - Geographical Area",5,1.20547298891248,0.100456082409373
"Portal - boats.com","CA_EAST - Geographical Area",6,1.3112429757865,0.109270247982208
"Portal - boats.com","CA_EAST - Geographical Area",7,1.32945905238899,0.110788254365749
"Portal - boats.com","CA_EAST - Geographical Area",8,1.647107747957,0.137258978996417
"Portal - boats.com","CA_EAST - Geographical Area",9,1.17201686416124,0.0976680720134365
"Portal - boats.com","CA_EAST - Geographical Area",10,0.687492817004494,0.0572910680837078
"Portal - boats.com","CA_EAST - Geographical Area",11,0.504273504273504,0.042022792022792
"Portal - boats.com","CA_EAST - Geographical Area",12,0.577670108455671,0.0481391757046392
"Portal - boats.com","US_Southwest  - Geographical Area",1,0.772255538632362,0.0643546282193635
"Portal - boats.com","US_Southwest  - Geographical Area",2,0.898436482972506,0.0748697069143755
"Portal - boats.com","US_Southwest  - Geographical Area",3,0.932635668020162,0.0777196390016801
"Portal - boats.com","US_Southwest  - Geographical Area",4,1.03052339824355,0.0858769498536292
"Portal - boats.com","US_Southwest  - Geographical Area",5,1.3393253118695,0.111610442655792
"Portal - boats.com","US_Southwest  - Geographical Area",6,1.45408368479424,0.12117364039952
"Portal - boats.com","US_Southwest  - Geographical Area",7,1.38335532194771,0.115279610162309
"Portal - boats.com","US_Southwest  - Geographical Area",8,1.34848330476868,0.112373608730724
"Portal - boats.com","US_Southwest  - Geographical Area",9,1.04966952183362,0.087472460152802
"Portal - boats.com","US_Southwest  - Geographical Area",10,0.675694782890284,0.0563078985741903
"Portal - boats.com","US_Southwest  - Geographical Area",11,0.559086121604284,0.0465905101336903
"Portal - boats.com","US_Southwest  - Geographical Area",12,0.556450862423091,0.0463709052019243
"Portal - boats.com","US_Southeast - Geographical Area",1,0.755226221830054,0.0629355184858378
"Portal - boats.com","US_Southeast - Geographical Area",2,0.8952207611839,0.0746017300986583
"Portal - boats.com","US_Southeast - Geographical Area",3,0.975840517282023,0.0813200431068353
"Portal - boats.com","US_Southeast - Geographical Area",4,1.05729508590041,0.0881079238250339
"Portal - boats.com","US_Southeast - Geographical Area",5,1.55399847747295,0.129499873122746
"Portal - boats.com","US_Southeast - Geographical Area",6,1.74922139693219,0.145768449744349
"Portal - boats.com","US_Southeast - Geographical Area",7,1.49680250460519,0.124733542050433
"Portal - boats.com","US_Southeast - Geographical Area",8,1.22452664097551,0.102043886747959
"Portal - boats.com","US_Southeast - Geographical Area",9,0.891709268158168,0.0743091056798473
"Portal - boats.com","US_Southeast - Geographical Area",10,0.481337309309564,0.0401114424424636
"Portal - boats.com","US_Southeast - Geographical Area",11,0.435211403069654,0.0362676169224712
"Portal - boats.com","US_Southeast - Geographical Area",12,0.483610413280392,0.040300867773366
"Portal - boats.com","US_NorthWest  - Geographical Area",1,0.810838238522337,0.0675698532101948
"Portal - boats.com","US_NorthWest  - Geographical Area",2,1.08119922124752,0.0900999351039596
"Portal - boats.com","US_NorthWest  - Geographical Area",3,0.868582519333862,0.0723818766111552
"Portal - boats.com","US_NorthWest  - Geographical Area",4,1.02395155708512,0.0853292964237603
"Portal - boats.com","US_NorthWest  - Geographical Area",5,1.36139177415698,0.113449314513082
"Portal - boats.com","US_NorthWest  - Geographical Area",6,1.40245981183747,0.116871650986456
"Portal - boats.com","US_NorthWest  - Geographical Area",7,1.38621900794227,0.115518250661856
"Portal - boats.com","US_NorthWest  - Geographical Area",8,1.44109874634285,0.120091562195238
"Portal - boats.com","US_NorthWest  - Geographical Area",9,1.02922001197158,0.085768334330965
"Portal - boats.com","US_NorthWest  - Geographical Area",10,0.62067004861805,0.0517225040515042
"Portal - boats.com","US_NorthWest  - Geographical Area",11,0.467237096064133,0.0389364246720111
"Portal - boats.com","US_NorthWest  - Geographical Area",12,0.507131966877829,0.0422609972398191
"Portal - boats.com","US_Midwest - Geographical Area",1,0.757114435010121,0.0630928695841768
"Portal - boats.com","US_Midwest - Geographical Area",2,0.921947231107334,0.0768289359256112
"Portal - boats.com","US_Midwest - Geographical Area",3,0.973921295114827,0.0811601079262355
"Portal - boats.com","US_Midwest - Geographical Area",4,1.01940491911726,0.0849504099264387
"Portal - boats.com","US_Midwest - Geographical Area",5,1.33327700819357,0.111106417349464
"Portal - boats.com","US_Midwest - Geographical Area",6,1.66640040236962,0.138866700197468
"Portal - boats.com","US_Midwest - Geographical Area",7,1.57409150935683,0.131174292446402
"Portal - boats.com","US_Midwest - Geographical Area",8,1.41692801696692,0.118077334747243
"Portal - boats.com","US_Midwest - Geographical Area",9,0.976934607503797,0.0814112172919831
"Portal - boats.com","US_Midwest - Geographical Area",10,0.512162018190873,0.0426801681825727
"Portal - boats.com","US_Midwest - Geographical Area",11,0.400174426239256,0.0333478688532714
"Portal - boats.com","US_Midwest - Geographical Area",12,0.44764413082959,0.0373036775691325
"Portal - boats.com","US_GulfCoast - Geographical Area",1,0.686069311286394,0.0571724426071995
"Portal - boats.com","US_GulfCoast - Geographical Area",2,0.905519718774059,0.0754599765645049
"Portal - boats.com","US_GulfCoast - Geographical Area",3,0.971599440276422,0.0809666200230352
"Portal - boats.com","US_GulfCoast - Geographical Area",4,1.09352300485235,0.0911269170710293
"Portal - boats.com","US_GulfCoast - Geographical Area",5,1.54009361820579,0.128341134850483
"Portal - boats.com","US_GulfCoast - Geographical Area",6,1.72755651057883,0.143963042548235
"Portal - boats.com","US_GulfCoast - Geographical Area",7,1.52726005775524,0.127271671479603
"Portal - boats.com","US_GulfCoast - Geographical Area",8,1.24993064025725,0.104160886688104
"Portal - boats.com","US_GulfCoast - Geographical Area",9,0.888086491434615,0.0740072076195512
"Portal - boats.com","US_GulfCoast - Geographical Area",10,0.534512578440372,0.044542714870031
"Portal - boats.com","US_GulfCoast - Geographical Area",11,0.426095696298738,0.0355079746915615
"Portal - boats.com","US_GulfCoast - Geographical Area",12,0.449752931839947,0.0374794109866623
"Portal - boats.com","US_Flordia - Geographical Area",1,0.817479437465965,0.0681232864554971
"Portal - boats.com","US_Flordia - Geographical Area",2,0.891164247492755,0.0742636872910629
"Portal - boats.com","US_Flordia - Geographical Area",3,0.980890036418768,0.0817408363682307
"Portal - boats.com","US_Flordia - Geographical Area",4,1.09660638581113,0.0913838654842608
"Portal - boats.com","US_Flordia - Geographical Area",5,1.58652620616653,0.132210517180544
"Portal - boats.com","US_Flordia - Geographical Area",6,1.48229014319778,0.123524178599815
"Portal - boats.com","US_Flordia - Geographical Area",7,1.28003398075004,0.106669498395837
"Portal - boats.com","US_Flordia - Geographical Area",8,1.16294964805852,0.0969124706715434
"Portal - boats.com","US_Flordia - Geographical Area",9,0.90447374866421,0.0753728123886842
"Portal - boats.com","US_Flordia - Geographical Area",10,0.624552270232251,0.0520460225193543
"Portal - boats.com","US_Flordia - Geographical Area",11,0.581394024359417,0.0484495020299514
"Portal - boats.com","US_Flordia - Geographical Area",12,0.591639871382637,0.0493033226152197
"Portal - boats.com","Africa - Geographical Area",1,1.06465954959337,0.0887216291327809
"Portal - boats.com","Africa - Geographical Area",2,0.976421494585392,0.081368457882116
"Portal - boats.com","Africa - Geographical Area",3,0.957681574972479,0.0798067979143733
"Portal - boats.com","Africa - Geographical Area",4,1.04469078279273,0.0870575652327272
"Portal - boats.com","Africa - Geographical Area",5,1.17416348787793,0.0978469573231612
"Portal - boats.com","Africa - Geographical Area",6,1.16324040176476,0.0969367001470634
"Portal - boats.com","Africa - Geographical Area",7,1.25521620030209,0.104601350025174
"Portal - boats.com","Africa - Geographical Area",8,1.19251085908366,0.099375904923638
"Portal - boats.com","Africa - Geographical Area",9,1.07510475068909,0.0895920625574244
"Portal - boats.com","Africa - Geographical Area",10,0.487306179223949,0.0406088482686624
"Portal - boats.com","Africa - Geographical Area",11,0.838551667050682,0.0698793055875568
"Portal - boats.com","Africa - Geographical Area",12,0.770453052063866,0.0642044210053222
"Portal - boats.com","FarEast - Geographical Area",1,0.976277724204436,0.0813564770170363
"Portal - boats.com","FarEast - Geographical Area",2,1.09629235526885,0.0913576962724038
"Portal - boats.com","FarEast - Geographical Area",3,0.902683470222459,0.0752236225185382
"Portal - boats.com","FarEast - Geographical Area",4,0.883317261330762,0.0736097717775635
"Portal - boats.com","FarEast - Geographical Area",5,1.2673028962857,0.105608574690475
"Portal - boats.com","FarEast - Geographical Area",6,1.29292055997074,0.107743379997561
"Portal - boats.com","FarEast - Geographical Area",7,1.0996774515346,0.0916397876278833
"Portal - boats.com","FarEast - Geographical Area",8,1.27060818674559,0.105884015562132
"Portal - boats.com","FarEast - Geographical Area",9,1.14398962524524,0.0953324687704364
"Portal - boats.com","FarEast - Geographical Area",10,0.598423835334021,0.0498686529445017
"Portal - boats.com","FarEast - Geographical Area",11,0.740012635919263,0.0616677196599386
"Portal - boats.com","FarEast - Geographical Area",12,0.72849399793835,0.0607078331615292
"Portal - boats.com","NorthAmericaInt - Geographical Area",1,0.918714378170734,0.0765595315142279
"Portal - boats.com","NorthAmericaInt - Geographical Area",2,1.00049061567047,0.0833742179725395
"Portal - boats.com","NorthAmericaInt - Geographical Area",3,1.01478110190192,0.0845650918251599
"Portal - boats.com","NorthAmericaInt - Geographical Area",4,1.07504332031984,0.0895869433599866
"Portal - boats.com","NorthAmericaInt - Geographical Area",5,1.39648009353014,0.116373341127511
"Portal - boats.com","NorthAmericaInt - Geographical Area",6,1.33377523539114,0.111147936282595
"Portal - boats.com","NorthAmericaInt - Geographical Area",7,1.12966867784296,0.0941390564869135
"Portal - boats.com","NorthAmericaInt - Geographical Area",8,1.23461345748345,0.102884454790288
"Portal - boats.com","NorthAmericaInt - Geographical Area",9,0.992896511409424,0.0827413759507853
"Portal - boats.com","NorthAmericaInt - Geographical Area",10,0.580513163114053,0.048376096926171
"Portal - boats.com","NorthAmericaInt - Geographical Area",11,0.626161297730642,0.0521801081442201
"Portal - boats.com","NorthAmericaInt - Geographical Area",12,0.696862147435228,0.0580718456196024
"Portal - boats.com","Australiasia - Geographical Area",1,1.37536981260319,0.114614151050266
"Portal - boats.com","Australiasia - Geographical Area",2,1.12919062929394,0.0940992191078281
"Portal - boats.com","Australiasia - Geographical Area",3,1.01200373792523,0.0843336448271021
"Portal - boats.com","Australiasia - Geographical Area",4,1.06319058187362,0.0885992151561352
"Portal - boats.com","Australiasia - Geographical Area",5,1.13250553519284,0.0943754612660698
"Portal - boats.com","Australiasia - Geographical Area",6,0.98169989789578,0.0818083248246483
"Portal - boats.com","Australiasia - Geographical Area",7,0.913089474985595,0.0760907895821329
"Portal - boats.com","Australiasia - Geographical Area",8,1.02173167703453,0.0851443064195441
"Portal - boats.com","Australiasia - Geographical Area",9,0.922740638345197,0.0768950531954331
"Portal - boats.com","Australiasia - Geographical Area",10,0.800987847979499,0.0667489873316249
"Portal - boats.com","Australiasia - Geographical Area",11,0.738998204425972,0.0615831837021643
"Portal - boats.com","Australiasia - Geographical Area",12,0.908491962444615,0.0757076635370513
"Portal - boats.com","MiddleEast - Geographical Area",1,0.808531684790572,0.0673776403992143
"Portal - boats.com","MiddleEast - Geographical Area",2,0.893354683866093,0.0744462236555077
"Portal - boats.com","MiddleEast - Geographical Area",3,0.830861981895681,0.0692384984913067
"Portal - boats.com","MiddleEast - Geographical Area",4,1.04409757679386,0.0870081313994888
"Portal - boats.com","MiddleEast - Geographical Area",5,1.3354088867502,0.11128407389585
"Portal - boats.com","MiddleEast - Geographical Area",6,1.38535306844492,0.115446089037077
"Portal - boats.com","MiddleEast - Geographical Area",7,1.24598059858346,0.103831716548621
"Portal - boats.com","MiddleEast - Geographical Area",8,1.30651873018376,0.108876560848646
"Portal - boats.com","MiddleEast - Geographical Area",9,1.21927706183746,0.101606421819788
"Portal - boats.com","MiddleEast - Geographical Area",10,0.576767833781194,0.0480639861484328
"Portal - boats.com","MiddleEast - Geographical Area",11,0.685456226325564,0.057121352193797
"Portal - boats.com","MiddleEast - Geographical Area",12,0.668391666747239,0.05569930556227
"Portal - boats.com","SouthAmerica - Geographical Area",1,1.28721755709708,0.10726812975809
"Portal - boats.com","SouthAmerica - Geographical Area",2,1.41333008802888,0.11777750733574
"Portal - boats.com","SouthAmerica - Geographical Area",3,1.06712100928968,0.0889267507741403
"Portal - boats.com","SouthAmerica - Geographical Area",4,1.01666734277176,0.0847222785643134
"Portal - boats.com","SouthAmerica - Geographical Area",5,1.04325720389977,0.0869381003249812
"Portal - boats.com","SouthAmerica - Geographical Area",6,0.912017091936771,0.0760014243280642
"Portal - boats.com","SouthAmerica - Geographical Area",7,1.11704460941409,0.0930870507845073
"Portal - boats.com","SouthAmerica - Geographical Area",8,1.05381526104418,0.0878179384203481
"Portal - boats.com","SouthAmerica - Geographical Area",9,0.960480305058618,0.0800400254215515
"Portal - boats.com","SouthAmerica - Geographical Area",10,0.598477411328817,0.0498731176107347
"Portal - boats.com","SouthAmerica - Geographical Area",11,0.68118940408097,0.0567657836734142
"Portal - boats.com","SouthAmerica - Geographical Area",12,0.849382716049383,0.0707818930041152
"Portal - boats.com","US_New_England - Geographical Area",1,0.718486417722273,0.0598738681435228
"Portal - boats.com","US_New_England - Geographical Area",2,0.933760273668157,0.0778133561390131
"Portal - boats.com","US_New_England - Geographical Area",3,0.993020125070593,0.0827516770892161
"Portal - boats.com","US_New_England - Geographical Area",4,0.962712093338814,0.0802260077782345
"Portal - boats.com","US_New_England - Geographical Area",5,1.21328881080256,0.101107400900213
"Portal - boats.com","US_New_England - Geographical Area",6,1.34013598644615,0.111677998870512
"Portal - boats.com","US_New_England - Geographical Area",7,1.50512662630879,0.125427218859066
"Portal - boats.com","US_New_England - Geographical Area",8,1.60992295158054,0.134160245965045
"Portal - boats.com","US_New_England - Geographical Area",9,1.16205459235939,0.0968378826966154
"Portal - boats.com","US_New_England - Geographical Area",10,0.593483359698381,0.0494569466415317
"Portal - boats.com","US_New_England - Geographical Area",11,0.470411249944439,0.0392009374953699
"Portal - boats.com","US_New_England - Geographical Area",12,0.497597513059916,0.0414664594216596
"Portal - boats.com","US_Mid_Atlantic - Geographical Area",1,0.754755196074369,0.0628962663395307
"Portal - boats.com","US_Mid_Atlantic - Geographical Area",2,0.96993126663255,0.0808276055527125
"Portal - boats.com","US_Mid_Atlantic - Geographical Area",3,0.964064005327811,0.0803386671106509
"Portal - boats.com","US_Mid_Atlantic - Geographical Area",4,1.00509069759059,0.0837575581325494
"Portal - boats.com","US_Mid_Atlantic - Geographical Area",5,1.28897904798242,0.107414920665201
"Portal - boats.com","US_Mid_Atlantic - Geographical Area",6,1.49504821094874,0.124587350912395
"Portal - boats.com","US_Mid_Atlantic - Geographical Area",7,1.42011263238916,0.118342719365763
"Portal - boats.com","US_Mid_Atlantic - Geographical Area",8,1.43800424841898,0.119833687368248
"Portal - boats.com","US_Mid_Atlantic - Geographical Area",9,1.04848165487763,0.0873734712398023
"Portal - boats.com","US_Mid_Atlantic - Geographical Area",10,0.596453896709425,0.0497044913924521
"Portal - boats.com","US_Mid_Atlantic - Geographical Area",11,0.486800255895766,0.0405666879913139
"Portal - boats.com","US_Mid_Atlantic - Geographical Area",12,0.532278887152566,0.0443565739293805
"Portal - boats.com","US_NY_NJ - Geographical Area",1,0.759594028732395,0.0632995023943662
"Portal - boats.com","US_NY_NJ - Geographical Area",2,0.879926198653237,0.0733271832211031
"Portal - boats.com","US_NY_NJ - Geographical Area",3,0.948920985249043,0.0790767487707536
"Portal - boats.com","US_NY_NJ - Geographical Area",4,0.985790792765786,0.0821492327304822
"Portal - boats.com","US_NY_NJ - Geographical Area",5,1.27244420662355,0.106037017218629
"Portal - boats.com","US_NY_NJ - Geographical Area",6,1.36280987931181,0.113567489942651
"Portal - boats.com","US_NY_NJ - Geographical Area",7,1.4750381632469,0.122919846937241
"Portal - boats.com","US_NY_NJ - Geographical Area",8,1.54605253529818,0.128837711274848
"Portal - boats.com","US_NY_NJ - Geographical Area",9,1.14109451952625,0.095091209960521
"Portal - boats.com","US_NY_NJ - Geographical Area",10,0.615908106999181,0.0513256755832651
"Portal - boats.com","US_NY_NJ - Geographical Area",11,0.501594780688718,0.0417995650573932
"Portal - boats.com","US_NY_NJ - Geographical Area",12,0.510825802904957,0.0425688169087464
